Cód. RCD Centro;Centro;Provincia;Localidad
22000056;VERO-ALCANADRE;Huesca;Adahuesca
22000071;ASUNCIÓN PAÑART MONTANER;Huesca;Aínsa
22000251;JOSÉ MANUEL BLECUA;Huesca;Alcolea de Cinca
22000299;SANTOS SAMPER SARASA;Huesca;Almudévar
22000585;RAMÓN Y CAJAL;Huesca;Ayerbe
22000706;FRANCISCO GALIAY SARAÑANA;Huesca;Ballobar
22000721;ALTO ARAGÓN;Huesca;Barbastro
22000731;LA MERCED;Huesca;Barbastro
22000767;SAN VICENTE DE PAÚL;Huesca;Barbastro
22000779;SAN JOSÉ DE CALASANZ;Huesca;Barbastro
22000809;HERMANOS ARGENSOLA;Huesca;Barbastro
22001073;VÍCTOR MENDOZA MENDOZA;Huesca;Binéfar
22001085;VIRGEN DEL ROMERAL;Huesca;Binéfar
22001191;VIRGEN DE LA SOLEDAD;Huesca;Bolea
22001243;ALTO ARA;Huesca;Broto
22001358;CERBÍN;Huesca;Campo
22001437;LOS ARAÑONES;Huesca;Canfranc-Estación
22001656;RAMÓN J. SENDER;Huesca;Chalamera
22001875;MIGUEL SERVET;Huesca;Fraga
22001887;SAN JOSÉ DE CALASANZ;Huesca;Fraga
22001899;SANTA ANA;Huesca;Fraga
22001905;LITERA;Huesca;Litera
22001917;RAMÓN J. SENDER;Huesca;Fraga
22002016;LA FUEVA;Huesca;Tierrantona
22002119;SANTIAGO APÓSTOL;Huesca;Grañén
22002156;JOAQUÍN COSTA;Huesca;Graus
22002168;BALTASAR GRACIÁN;Huesca;Graus
22002302;JUAN XXIII;Huesca;Huesca
22002338;PÍO XII;Huesca;Huesca
22002341;SANCHO RAMÍREZ;Huesca;Huesca
22002351;SAN VICENTE;Huesca;Huesca
22002417;SANTA ANA;Huesca;Huesca
22002430;SAN BERNARDO;Huesca;Huesca
22002466;SANTA ROSA - ALTOARAGÓN;Huesca;Huesca
22002478;SAN VIATOR;Huesca;Huesca
22002491;MONTEARAGÓN;Huesca;Huesca
22002508;RAMÓN Y CAJAL;Huesca;Huesca
22002511;PIRÁMIDE;Huesca;Huesca
22002521;SIERRA DE GUARA;Huesca;Huesca
22002569;ALCORAZ;Huesca;Huesca
22002673;SAN JUAN DE LA PEÑA;Huesca;Jaca
22002703;ESCUELAS PÍAS;Huesca;Jaca
22002727;DOMINGO MIRAL;Huesca;Jaca
22002740;INSTITUTO DE FORMACIÓN AGROAMBIENTAL;Huesca;Jaca
22002843;MONEGROS NORTE;Huesca;Lanaja
22003100;SAN GINÉS;Huesca;Lupiñén
22003215;JOAQUÍN COSTA;Huesca;Monzón
22003239;SANTO DOMINGO SAVIO;Huesca;Monzón
22003252;SANTA ANA;Huesca;Monzón
22003276;MINTE;Huesca;Monzón
22003288;JOSÉ MOR DE FUENTES;Huesca;Monzón
22003343;SAN GREGORIO;Huesca;Ontiñena
22003586;CINCA-CINQUETA;Huesca;Plan
22003835;MONTECORONA;Huesca;Sabiñánigo
22003847;PUENTE SARDAS;Huesca;Sabiñánigo
22003860;SANTA ANA;Huesca;Sabiñánigo
22003902;SAN ALBERTO MAGNO;Huesca;Sabiñánigo
22003926;MIGUEL SERVET;Huesca;Senegüé
22004104;LA LAGUNA;Huesca;Sariñena
22004189;ALBERTO GALINDO;Huesca;Sena
22004271;SAN MIGUEL;Huesca;Tamarite de Litera
22004566;COLLARADA;Huesca;Villanúa
22004578;MIGUEL SERVET;Huesca;Villanueva de Sigena
22004608;SAN JUAN BAUTISTA;Huesca;Zaidín
22004611;MARTÍNEZ VARGAS;Huesca;Barbastro
22004633;EL PARQUE;Huesca;Huesca
22004773;LUCAS MALLADA;Huesca;Huesca
22004839;MONTE OROEL;Huesca;Jaca
22004840;ARAGÓN;Huesca;Monzón
22004888;BAJO CINCA;Huesca;Fraga
22004891;BIELLO ARAGÓN;Huesca;Sabiñánigo
22004906;PEDRO I;Huesca;Barbastro
22004943;NTRA. SRA. DE GUAYENTE;Huesca;Sahún
22005030;MONEGROS-GASPAR LAX;Huesca;Sariñena
22005054;VIRGEN DE LOS RÍOS;Huesca;Caldearenas
22005121;SAN LORENZO;Huesca;Huesca
22005145;ESCUELA DE ARTE DE HUESCA;Huesca;Huesca
22005157;LA ALEGRÍA;Huesca;Monzón
22005200;PEDRO J. RUBIO;Huesca;Huesca
22005340;VALLE DEL GUARGA;Huesca;Aineto
22005388;SIERRA DE SAN QUÍLEZ;Huesca;Binéfar
22005391;LA LLITERA;Huesca;Tamarite de Litera
22005406;SOBRARBE;Huesca;Aínsa
22005431;DE PAÚLES DE SARSA;Huesca;Paúles de Sarsa
22005674;LA LLITERA;Huesca;Albelda
22005686;MONTESNEGROS;Huesca;Peñalba
22005698;A REDOLADA;Huesca;Peralta de Alcofea
22005704;BAJA RIBAGORZA;Huesca;Capella
22005716;ESTADILLA-FONZ;Huesca;Fonz
22005728;MONTEARAGÓN;Huesca;Chimillas
22005731;ALTO GÁLLEGO;Huesca;Biescas
22005741;EL TRÉBOL;Huesca;Binaced
22005765;PIRINEOS;Huesca;Jaca
22005789;RÍO ARAGÓN;Huesca;Santa Cilia
22005807;RIBERA DEL CINCA;Huesca;Torrente de Cinca
22005819;DE ALTORRICÓN;Huesca;Altorricón
22005820;ARCO IRIS;Huesca;Conchel
22005832;ALBEOS;Huesca;Belver de Cinca
22005844;VIOLADA MONEGROS;Huesca;Tardienta
22005856;LA SABINA;Huesca;Robres
22005868;MONEGROS-HOYA;Huesca;Lalueza
22005881;ALTA RIBAGORZA;Huesca;Benasque
22006083;PIRÁMIDE;Huesca;Almudévar
22006095;DE CASTEJÓN DE SOS;Huesca;Castejón de Sos
22006101;MONTES NEGROS;Huesca;Grañén
22006113;CINCA-ALCANADRE;Huesca;Alcolea de Cinca
22006125;BIELLO ARAGÓN;Huesca;Biescas
22006137;VALLE DE BENASQUE;Huesca;Benasque
22010001;SAN JORGE;Huesca;Huesca
22010323;PIRINEOS-PYRÉNÉES;Huesca;Huesca
22010712;PIRÁMIDE;Huesca;Huesca
22010839;MONZÓN III;Huesca;Monzón
22010876;MARÍA MOLINER;Huesca;Fraga
22010967;KATIA ACÍN;Huesca;Binéfar
22010980;BENABARRE;Huesca;Benabarre
22010992;ARÉN;Huesca;Arén
22011005;MONTANUY;Teruel;Montanuy
44000121;ROMÁN GARCÍA;Teruel;Albalate del Arzobispo
44000246;EMILIO DÍAZ;Teruel;Alcañiz
44000261;SAN VALERO;Teruel;Alcañiz
44000271;LA INMACULADA;Teruel;Alcañiz
44000325;EL JUSTICIA DE ARAGÓN;Teruel;Alcorisa
44000465;JUAN RAMÓN ALEGRE;Teruel;Andorra
44000799;RICARDO MALLÉN;Teruel;Calamocha
44000829;VIRGEN DEL PILAR;Teruel;Calanda
44001159;ASTRÓNOMO ZARZOSO;Teruel;Cella
44001378;ANTONIO GARGALLO MOYA;Teruel;Escucha
44001706;LUIS TURÓN;Teruel;Híjar
44002061;VALERO SERRANO;Teruel;Mas de las Matas
44002152;NTRA. SRA. DEL PILAR;Teruel;Monreal del Campo
44002191;COMARCA CUENCAS MINERAS;Teruel;Montalbán
44002221;SAN MIGUEL;Teruel;Mora de Rubielos
44002541;TERUEL UNO;Teruel;Perales del Alfambra
44002942;DE SARRIÓN;Teruel;Sarrión
44003028;DE SAN BLAS;Teruel;San Blas
44003041;LA SALLE-SAN JOSÉ;Teruel;Teruel
44003077;LAS VIÑAS;Teruel;Teruel
44003090;PIERRES VEDEL;Teruel;Teruel
44003107;MIGUEL VALLÉS;Teruel;Teruel
44003120;LAS ANEJAS;Teruel;Teruel
44003156;VICTORIA DÍEZ;Teruel;Teruel
44003171;LA PURÍSIMA Y SANTOS MÁRTIRES;Teruel;Teruel
44003211;SANTA EMERENCIANA;Teruel;Teruel
44003223;SEGUNDO DE CHOMÓN;Teruel;Teruel
44003235;VEGA DEL TURIA;Teruel;Teruel
44003247;FRANCÉS DE ARANDA;Teruel;Teruel
44003259;ARBOLEDA;Teruel;Teruel
44003272;ENSANCHE;Teruel;Teruel
44003284;ESCUELA DE ARTE DE TERUEL;Teruel;Teruel
44003636;VILLA DE UTRILLAS;Teruel;Utrillas
44003715;VICENTE FERRER RAMOS;Teruel;Valderrobres
44004045;VALLE DEL JILOCA;Teruel;Calamocha
44004148;GLORIA FUERTES;Teruel;Andorra
44004239;PEDRO LAÍN ENTRALGO;Teruel;Híjar
44004306;LA FUENFRESCA;Teruel;Teruel
44004471;REGALLO;Teruel;Puigmoreno
44004483;JAVALAMBRE;Teruel;Manzanera
44004495;SIERRA DE ALBARRACÍN;Teruel;Tramacastilla
44004550;FERNANDO LÁZARO CARRETER;Teruel;Utrillas
44004562;MANUEL FRANCO ROYO;Teruel;Andorra
44004598;MATARRAÑA;Teruel;Valderrobres
44004616;MAESTRAZGO GÚDAR;Teruel;Mosqueruela
44004628;TURIA;Teruel;San Blas
44004653;PABLO SERRANO;Teruel;Andorra
44004665;SALVADOR VICTORIA;Teruel;Monreal del Campo
44004677;PABLO ANTONIO CRESPO;Teruel;Aliaga
44004689;GOYA;Teruel;Caminreal
44004690;ALTO MAESTRAZGO;Teruel;Cantavieja
44004707;SOMONTANO-BAJO ARAGÓN;Teruel;Mata de los Olmos (La)
44004719;PALMIRA PLÁ;Teruel;Cedrillas
44004720;ARIÑO-ALLOZA;Teruel;Ariño
44004732;OLEA;Teruel;Castellote
44004744;ALIFARA;Teruel;Fresneda (La)
44004756;TASTAVÍNS;Teruel;Peñarroya de Tastavins
44004768;DE MARTÍN DEL RÍO;Teruel;Martín del Río
44004771;DE MUNIESA;Teruel;Muniesa
44004781;PÓRTICO DE ARAGÓN;Teruel;Rubielos de Mora
44004793;DE ALBARRACÍN;Teruel;Albarracín
44004801;BAJO MARTÍN;Teruel;Puebla de Híjar (La)
44004811;DEL MEZQUÍN;Teruel;Castelserás
44005062;MATARRANYA;Teruel;Calaceite
44005074;CUNA DEL JILOCA;Teruel;Santa Eulalia
44005098;DAMIÁN FORMENT;Teruel;Alcorisa
44005104;VALLE DEL GUADALOPE;Teruel;Calanda
44005116;GÚDAR-JAVALAMBRE;Teruel;Mora de Rubielos
44005128;SIERRA PALOMERA;Teruel;Cella
44005131;ALGARS;Teruel;Cretas
44005153;CAMPO BELLO;Teruel;Bello
44005165;EL POYO DEL CID;Teruel;Poyo del Cid (El)
44005177;BAJO ARAGÓN;Teruel;Alcañiz
44005190;SEGUNDO DE CHOMÓN;Teruel;Cantavieja
44005207;LOBETANO;Teruel;Albarracín
44010011;ESCUELA DE HOSTELERÍA DE TERUEL;Teruel;Teruel
44010100;JUAN SOBRARIAS;Teruel;Alcañiz
44010203;JUAN LORENZO PALMIRENO;Teruel;Alcañiz
44010537;BAJO ARAGÓN;Teruel;Alcañiz
44010719;BRONCHALES-ORIHUELA;Teruel;Orihuela del Tremedal
50000126;ARAGÓN;Zaragoza;Alagón
50000151;NTRA. SRA DEL CASTILLO;Zaragoza;Alagón
50000163;CONDE ARANDA;Zaragoza;Alagón
50000291;BRIANDA DE LUNA;Zaragoza;Alfajarín
50000369;ARZOBISPO DOMÉNECH;Zaragoza;Almonacid de la Sierra
50000370;NERTÓBRIGA;Zaragoza;Almunia de Doña Godina (La)
50000412;SALESIANOS LAVIAGA-CASTILLO;Zaragoza;Almunia de Doña Godina (La)
50000436;RAMÓN Y CAJAL;Zaragoza;Alpartir
50000618;VIRGEN DE LA PEANA;Zaragoza;Ateca
50000722;BELIA;Zaragoza;Belchite
50000850;CAMPO DE BORJA;Zaragoza;Borja
50000862;SANTA ANA;Zaragoza;Borja
50000874;JUAN DE LANUZA;Zaragoza;Borja
50000904;DIPUTACIÓN PROVINCIAL;Zaragoza;Brea de Aragón
50001064;BALTASAR GRACIÁN;Zaragoza;Calatayud
50001076;FRANCISCO DE GOYA;Zaragoza;Calatayud
50001088;SALVADOR MINGUIJÓN;Zaragoza;Calatayud
50001121;SANTA ANA;Zaragoza;Calatayud
50001167;LEONARDO DE CHABACIER;Zaragoza;Calatayud
50001179;EMILIO JIMENO;Zaragoza;Calatayud
50001222;DOMINGO JIMÉNEZ BELTRÁN;Zaragoza;Calatorao
50001301;SANTO CRISTO DE SANTIAGO;Zaragoza;Cariñena
50001349;JOAQUÍN COSTA;Zaragoza;Cariñena
50001350;COMPROMISO DE CASPE;Zaragoza;Caspe
50001362;SANTA ANA;Zaragoza;Caspe
50001672;LUCIO FABIO SEVERO;Zaragoza;Chiprana
50001702;PEDRO SÁNCHEZ CIRUELO;Zaragoza;Daroca
50001763;CERVANTES;Zaragoza;Ejea de los Caballeros
50001775;FERRER Y RACAJ;Zaragoza;Ejea de los Caballeros
50001799;NTRA. SRA. DE LAS MERCEDES;Zaragoza;Ejea de los Caballeros
50001829;E.F.A. BOALARES;Zaragoza;Ejea de los Caballeros
50001830;REYES CATÓLICOS;Zaragoza;Ejea de los Caballeros
50002007;GASPAR REMIRO;Zaragoza;Épila
50002032;SAN JAVIER;Zaragoza;Escatrón
50002123;NTRA. SRA. DEL PILAR;Zaragoza;Fayón
50002275;LUIS GARCÍA SÁINZ;Zaragoza;Fuentes de Ebro
50002329;MARÍA DOMÍNGUEZ;Zaragoza;Gallur
50002433;SAN JORGE;Zaragoza;Herrera de los Navarros
50002457;BENEDICTO XIII;Zaragoza;Illueca
50002512;RAMÓN Y CAJAL;Zaragoza;Joyosa (La)
50002810;VIRGEN DEL PORTAL;Zaragoza;Maella
50002937;MANLIA;Zaragoza;Mallén
50003048;MARÍA QUINTANA;Zaragoza;Mequinenza
50003206;LUCAS ARRIBAS;Zaragoza;Morata de Jalón
50003504;SAN NICASIO;Zaragoza;Novillas
50003711;LA PORTALADA;Zaragoza;Pastriz
50003735;CERVANTES;Zaragoza;Pedrola
50003838;SANTA MARÍA DE LA ESPERANZA;Zaragoza;Pina de Ebro
50003851;MIGUEL ARTIGAS;Zaragoza;Pinseque
50003863;E.F.A. LA NORIA;Zaragoza;Pinseque
50003981;JOAQUÍN COSTA;Zaragoza;Pradilla de Ebro
50004004;LOS ALBARES;Zaragoza;Puebla de Alfindén (La)
50004031;FERNANDO EL CATÓLICO;Zaragoza;Quinto
50004053;ALFREDO MUIÑOS;Zaragoza;Remolinos
50004077;MAESTRO MONREAL;Zaragoza;Ricla
50004326;DANIEL FEDERIO;Zaragoza;Sástago
50004430;SUBPRADEL;Zaragoza;Sobradiel
50004478;ISIDORO GIL DE JAZ;Zaragoza;Sos del Rey Católico
50004545;JOAQUÍN COSTA;Zaragoza;Tarazona
50004570;SAGRADA FAMILIA;Zaragoza;Tarazona
50004594;NTRA. SRA. DEL PILAR;Zaragoza;Tarazona
50004612;MONCAYO;Zaragoza;Tarazona
50004703;ALFONSO I EL BATALLADOR;Zaragoza;Tauste
50004843;MONTES DEL CASTELLAR;Zaragoza;Torres de Berrellén
50004879;TOSOS;Zaragoza;Tosos
50004946;DE UNDUÉS DE LERDA;Zaragoza;Undués de Lerda
50005011;MIGUEL ARTAZOS TAMÉ;Zaragoza;Utebo
50005276;PINTOR PRADILLA;Zaragoza;Villanueva de Gállego
50005291;SAN BLAS;Zaragoza;Villanueva de Huerva
50005331;FERNANDO EL CATÓLICO;Zaragoza;Villarreal de Huerva
50005422;ÁNGEL ESCORIAZA;Zaragoza;Cartuja Baja
50005483;VIRGEN DE GUADALUPE;Zaragoza;Zaragoza
50005513;SAGRADA FAMILIA;Zaragoza;Zaragoza
50005537;MADRE MARÍA ROSA MOLAS;Zaragoza;Zaragoza
50005550;RICARDO MUR;Zaragoza;Casetas
50005562;SAN MIGUEL;Zaragoza;Casetas
50005574;GUSTAVO ADOLFO BÉCQUER;Zaragoza;Garrapinillos
50005598;JULIÁN NIETO TAPIA;Zaragoza;Zaragoza
50005616;SAN ANTONIO;Zaragoza;Zaragoza
50005631;HERMANOS ARGENSOLA;Zaragoza;Montañana
50005641;FERNÁNDEZ VIZARRA;Zaragoza;Monzalbarba
50005653;MAESTRO DON PEDRO ORÓS;Zaragoza;Movera
50005677;JUAN PABLO BONET;Zaragoza;Movera
50005690;DE MOVERA;Zaragoza;Movera
50005707;FLORENCIO JARDIEL;Zaragoza;Peñaflor
50005744;ANDRÉS OLIVÁN;Zaragoza;San Juan de Mozarrifar
50005768;GUILLERMO FATÁS;Zaragoza;Zaragoza
50005781;LA CONCEPCIÓN;Zaragoza;Zaragoza
50005793;ÍTACA;Zaragoza;Zaragoza
50005823;CONDES DE ARAGÓN;Zaragoza;Venta del Olivar
50005872;MARIANO CASTILLO;Zaragoza;Villamayor
50005896;ANA MAYAYO;Zaragoza;Zaragoza
50005902;ANDRÉS MANJÓN;Zaragoza;Zaragoza
50005914;RECARTE Y ORNAT;Zaragoza;Zaragoza
50005926;CÁNDIDO DOMINGO;Zaragoza;Zaragoza
50005951;DOMINGO MIRAL;Zaragoza;Zaragoza
50005963;FERNANDO EL CATÓLICO;Zaragoza;Zaragoza
50005975;GASCÓN Y MARÍN;Zaragoza;Zaragoza
50005999;JERÓNIMO BLANCAS Y TOMÁS;Zaragoza;Zaragoza
50006001;JERÓNIMO ZURITA Y CASTRO;Zaragoza;Zaragoza
50006013;JOAQUÍN COSTA;Zaragoza;Zaragoza
50006025;JOSÉ MARÍA MIR;Zaragoza;Zaragoza
50006037;LA JOTA;Zaragoza;Zaragoza
50006049;JULIÁN SANZ IBÁÑEZ;Zaragoza;Zaragoza
50006050;LUIS VIVES;Zaragoza;Zaragoza
50006074;MARCOS FRECHÍN;Zaragoza;Zaragoza
50006128;SAN BRAULIO;Zaragoza;Zaragoza
50006141;SANTO DOMINGO;Zaragoza;Zaragoza
50006153;SAN JOSÉ DE CALASANZ;Zaragoza;Zaragoza
50006165;TÍO JORGE;Zaragoza;Zaragoza
50006207;CALIXTO ARIÑO-HILARIO VAL;Zaragoza;Zaragoza
50006219;EMILIO MORENO CALVETE;Zaragoza;Zaragoza
50006220;HILARIÓN GIMENO;Zaragoza;Zaragoza
50006232;JUAN XXIII;Zaragoza;Zaragoza
50006281;TOMÁS ALVIRA;Zaragoza;Zaragoza
50006311;BASILIO PARAÍSO;Zaragoza;Zaragoza
50006414;VIRGEN DEL PILAR;Zaragoza;Zaragoza
50006438;LA ALMOZARA;Zaragoza;Zaragoza
50006463;LA ANUNCIATA;Zaragoza;Zaragoza
50006529;EL BUEN PASTOR;Zaragoza;Zaragoza
50006542;CALASANCIO;Zaragoza;Zaragoza
50006554;CALASANZ;Zaragoza;Zaragoza
50006566;CARDENAL XAVIERRE;Zaragoza;Zaragoza
50006578;CANTÍN Y GAMBOA;Zaragoza;Zaragoza
50006581;COLEGIO MONTESSORI;Zaragoza;Zaragoza
50006633;COMPAÑÍA DE MARÍA;Zaragoza;Zaragoza
50006669;CRISTO REY;Zaragoza;Zaragoza
50006700;DON BOSCO;Zaragoza;Zaragoza
50006751;ESCUELAS PÍAS;Zaragoza;Zaragoza
50006761;ESCOLAPIAS SANTA ENGRACIA;Zaragoza;Zaragoza
50006797;PADRE ENRIQUE DE OSSÓ;Zaragoza;Zaragoza
50006803;MARÍA INMACULADA;Zaragoza;Zaragoza
50006815;LA SALLE FRANCISCANAS;Zaragoza;Zaragoza
50006840;HIJAS DE SAN JOSÉ;Zaragoza;Zaragoza
50006888;INMACULADA CONCEPCIÓN;Zaragoza;Zaragoza
50007017;MARÍA AUXILIADORA;Zaragoza;Zaragoza
50007042;LA MILAGROSA;Zaragoza;Zaragoza
50007078;AGUSTÍN GERICÓ;Zaragoza;Zaragoza
50007133;NTRA. SRA. DEL CARMEN;Zaragoza;Zaragoza
50007157;NTRA. SRA. DEL CARMEN Y SAN JOSÉ;Zaragoza;Zaragoza
50007194;NTRA. SRA. DE LA MERCED;Zaragoza;Zaragoza
50007236;SALESIANO NTRA. SRA.DEL PILAR;Zaragoza;Zaragoza
50007248;TERESIANO DEL PILAR;Zaragoza;Zaragoza
50007327;EL PILAR-MARISTAS;Zaragoza;Zaragoza
50007352;POMPILIANO;Zaragoza;Zaragoza
50007376;LA PURÍSIMA PARA NIÑOS SORDOS;Zaragoza;Zaragoza
50007388;LA PURÍSIMA Y SAN ANTONIO;Zaragoza;Zaragoza
50007421;SAGRADO CORAZÓN;Zaragoza;Zaragoza
50007431;SAGRADO CORAZÓN DE JESÚS;Zaragoza;Zaragoza
50007467;LA SALLE FRANCISCANAS GRAN VÍA;Zaragoza;Zaragoza
50007479;LA SALLE MONTEMOLÍN;Zaragoza;Zaragoza
50007492;LA SALLE-SANTO ANGEL;Zaragoza;Zaragoza
50007509;SAN AGUSTÍN;Zaragoza;Zaragoza
50007534;SAN ANTONIO DE PADUA;Zaragoza;Zaragoza
50007674;ATADES, CENTRO DE EDUCACIÓN ESPECIAL SAN MARTÍN DE PORRES;Zaragoza;Zaragoza
50007716;SAN VALERO;Zaragoza;Zaragoza
50007728;SAN VICENTE DE PAÚL;Zaragoza;Zaragoza
50007731;SANTA ANA;Zaragoza;Zaragoza
50007777;SANTA MAGDALENA SOFÍA;Zaragoza;Zaragoza
50007789;SANTA MARÍA DEL PILAR;Zaragoza;Zaragoza
50007790;SANTA MARÍA REINA;Zaragoza;Zaragoza
50007807;SANTA ROSA;Zaragoza;Zaragoza
50007856;OBRA DIOCESANA SANTO DOMINGO DE SILOS;Zaragoza;Zaragoza
50007996;VILLA CRUZ;Zaragoza;Zaragoza
50008034;BAJO ARAGÓN;Zaragoza;Zaragoza
50008125;CORONA DE ARAGÓN;Zaragoza;Zaragoza
50008149;EUGENIO LÓPEZ Y LÓPEZ;Zaragoza;Zaragoza
50008174;MIGUEL SERVET;Zaragoza;Zaragoza
50008186;RAMÓN PIGNATELLI;Zaragoza;Zaragoza
50008198;GOYA;Zaragoza;Zaragoza
50008277;JERÓNIMO ZURITA;Zaragoza;Zaragoza
50008289;PEDRO DE LUNA;Zaragoza;Zaragoza
50008332;ROMAREDA;Zaragoza;Zaragoza
50008356;CESÁREO ALIERTA;Zaragoza;Zaragoza
50008368;DOCTOR AZÚA;Zaragoza;Zaragoza
50008371;CÉSAR AUGUSTO;Zaragoza;Zaragoza
50008381;MARGARITA SALAS;Zaragoza;Zaragoza
50008459;EL PORTILLO;Zaragoza;Zaragoza
50008460;LUIS BUÑUEL;Zaragoza;Zaragoza
50008514;ESCUELA DE ARTE DE ZARAGOZA;Zaragoza;Zaragoza
50008587;ODÓN DE BUEN;Zaragoza;Zuera
50008605;NTRA. SRA. DEL PILAR;Zaragoza;Zuera
50008617;SAN GABRIEL;Zaragoza;Zuera
50008629;E.F.A. EL SALTO;Zaragoza;Zuera
50008630;CEDES;Zaragoza;San Gregorio
50008642;MARÍA MOLINER;Zaragoza;Zaragoza
50008654;CEFOR IZQUIERDO;Zaragoza;Zaragoza
50008666;AUGUSTA BÍLBILIS;Zaragoza;Calatayud
50008678;RECTOR MAMÉS ESPERABÉ;Zaragoza;Ejea de los Caballeros
50008691;RAMIRO SOLÁNS;Zaragoza;Zaragoza
50008770;RÍO ARBA;Zaragoza;Tauste
50008782;SANTA ENGRACIA;Zaragoza;Santa Engracia
50008915;SAN GERMÁN;Zaragoza;Zaragoza
50008952;RAMÓN Y CAJAL;Zaragoza;Cuarte de Huerva
50008976;ANTONIO MACHADO;Zaragoza;Venta del Olivar
50009051;PLUS ULTRA;Zaragoza;Zaragoza
50009129;CINCO VILLAS;Zaragoza;Ejea de los Caballeros
50009166;JOSÉ MANUEL BLECUA;Zaragoza;Zaragoza
50009178;PABLO GARGALLO;Zaragoza;Zaragoza
50009208;TORRE RAMONA;Zaragoza;Zaragoza
50009211;FÉLIX DE AZARA;Zaragoza;Zaragoza
50009221;SANTA AGATOCLIA;Zaragoza;Mequinenza
50009348;AVEMPACE;Zaragoza;Zaragoza
50009373;JOSÉ CAMÓN AZNAR;Zaragoza;Zaragoza
50009385;ZALFONADA;Zaragoza;Zaragoza
50009397;TENERÍAS;Zaragoza;Zaragoza
50009403;LAS FUENTES;Zaragoza;Zaragoza
50009415;GLORIA ARENILLAS;Zaragoza;Zaragoza
50009452;MARÍA MOLINER;Zaragoza;Zaragoza
50009488;LOS PUEYOS;Zaragoza;Villamayor
50009531;RAMÓN SÁINZ DE VARANDA;Zaragoza;Zaragoza
50009543;BENJAMÍN JARNÉS;Zaragoza;Fuentes de Ebro
50009567;RÍO GÁLLEGO;Zaragoza;Zaragoza
50009580;MIRAFLORES;Zaragoza;Zaragoza
50009592;GALLICUM;Zaragoza;Zuera
50009646;MARÍA SORIANO;Zaragoza;Zaragoza
50009749;LA ESTRELLA;Zaragoza;Zaragoza
50009786;ANTONIO MARTÍNEZ GARAY;Zaragoza;Casetas
50009889;ACADEMIA MARCO;Zaragoza;Zaragoza
50009944;MONSALUD;Zaragoza;Zaragoza
50010028;ALAÚN;Zaragoza;Alagón
50010041;PEDRO CERRADA;Zaragoza;Utebo
50010144;PABLO SERRANO;Zaragoza;Zaragoza
50010156;MIRALBUENO;Zaragoza;Zaragoza
50010168;CONDES DE ARAGÓN;Zaragoza;Zaragoza
50010171;HERMANOS MARX;Zaragoza;Zaragoza
50010181;HISPANIDAD;Zaragoza;Zaragoza
50010193;PUERTA DE SANCHO;Zaragoza;Zaragoza
50010247;SANTA ANA;Zaragoza;Mainar
50010272;EL SALVADOR;Zaragoza;Zaragoza
50010284;COMUNIDAD DE DAROCA;Zaragoza;Daroca
50010296;INFANTA ELENA;Zaragoza;Utebo
50010302;FRANCISCO GRANDE COVIÁN;Zaragoza;Zaragoza
50010314;LOS ENLACES;Zaragoza;Zaragoza
50010387;ALBORADA;Zaragoza;Zaragoza
50010399;RÍO EBRO;Zaragoza;Zaragoza
50010478;CIUDAD DE ZARAGOZA;Zaragoza;Zaragoza
50010481;CORTES DE ARAGÓN;Zaragoza;Zaragoza
50010491;SANTIAGO HERNÁNDEZ;Zaragoza;Zaragoza
50010511;TIEMPOS MODERNOS;Zaragoza;Zaragoza
50010533;CABAÑAS;Zaragoza;Almunia de Doña Godina (La)
50010727;ELAIOS;Zaragoza;Zaragoza
50010739;PILAR LORENGAR;Zaragoza;Zaragoza
50010764;ALEJO LORÉN ALBAREDA;Zaragoza;Caspe
50010946;ANDALÁN;Zaragoza;Zaragoza
50010958;MIGUEL DE MOLINOS;Zaragoza;Zaragoza
50010961;SIERRA DE LA VIRGEN;Zaragoza;Illueca
50010995;MEDINA ALBAIDA;Zaragoza;Zaragoza
50011008;RODANAS;Zaragoza;Épila
50011069;ÁNGEL SANZ BRIZ;Zaragoza;Casetas
50011070;SIGLO XXI;Zaragoza;Pedrola
50011100;SAGRADO CORAZÓN-MONCAYO;Zaragoza;Zaragoza
50011124;CUEVAS DEL JALÓN;Zaragoza;Lumpiaque
50011136;EL ENEBRO;Zaragoza;Sabiñán
50011148;ARANDA-ISUELA;Zaragoza;Gotor
50011151;TRES RIBERAS;Zaragoza;Maluenda
50011161;RÍO RIBOTA;Zaragoza;Aniñón
50011173;EL MIRADOR;Zaragoza;Villalengua
50011185;MESA-PIEDRA-ALTO CAMPILLO;Zaragoza;Ibdes
50011197;CERRO DE SANTA CRUZ;Zaragoza;Used
50011203;L' ALBARDÍN;Zaragoza;Azuara
50011215;MONLORA;Zaragoza;Erla
50011227;BÉCQUER;Zaragoza;Novallas
50011239;ÍNSULA BARATARIA;Zaragoza;Luceni
50011240;LUIS BUÑUEL;Zaragoza;Pinsoro
50011252;ZAURÍN;Zaragoza;Ateca
50011288;CASTILLO QADRIT;Zaragoza;Cadrete
50011291;LAS VIÑAS;Zaragoza;Fuendejalón
50011306;MATEO VALERO;Zaragoza;Alfamén
50011318;PUERTA DE ARAGÓN;Zaragoza;Ariza
50011321;L' ALBADA;Zaragoza;Bujaraloz
50011331;MARÍA MOLINER;Zaragoza;Burgo de Ebro (El)
50011343;FABARA-NONASPE DOS AGUAS;Zaragoza;Fábara
50011355;DEL EBRO;Zaragoza;Gelsa
50011367;VICORT-ISUELA;Zaragoza;Frasno (El)
50011379;LA HUECHA;Zaragoza;Magallón
50011380;ORBA;Zaragoza;Muel
50011392;LA CEPA;Zaragoza;Paniza
50011409;LA SABINA;Zaragoza;Villafranca de Ebro
50011410;LOS BAÑALES;Zaragoza;Sádaba
50011422;BAJO GÁLLEGO;Zaragoza;Leciñena
50011513;TUBALCAÍN;Zaragoza;Tarazona
50011525;MIGUEL CATALÁN;Zaragoza;Zaragoza
50011537;RINCÓN DE GOYA;Zaragoza;Zaragoza
50011550;RAMÓN Y CAJAL;Zaragoza;Zaragoza
50011562;ANTONIO BELTRÁN MARTÍNEZ;Zaragoza;Zaragoza
50011665;BAIX MATARRANYA;Zaragoza;Maella
50011677;VALLE DEL HUECHA;Zaragoza;Mallén
50011689;JOAQUÍN TORRES;Zaragoza;Mequinenza
50011690;REYES CATÓLICOS;Zaragoza;Sádaba
50011707;BENJAMÍN JARNÉS;Zaragoza;Sástago
50011719;BENJAMÍN JARNÉS;Zaragoza;Belchite
50011720;SABINA ALBAR;Zaragoza;Bujaraloz
50011732;MAR DE ARAGÓN;Zaragoza;Caspe
50011781;VALLE DE TENA;Zaragoza;Zaragoza
50011793;ARTE-MISS ZARAGOZA, CENTRO 1;Zaragoza;Zaragoza
50011801;JOSÉ ANTONIO LABORDETA SUBÍAS;Zaragoza;Zaragoza
50011847;JOSEFA AMAR Y BORBÓN;Zaragoza;Zaragoza
50017072;PARQUE GOYA;Zaragoza;Zaragoza
50017096;ARSENIO JIMENO;Zaragoza;Zaragoza
50017369;ANGEL RIVIÈRE;Zaragoza;Zaragoza
50017448;GIL TARÍN;Zaragoza;Muela (La)
50017451;PARQUE EUROPA;Zaragoza;Utebo
50017655;EL POMILLO;Zaragoza;Ainzón
50017667;DIEGO ESCOLANO;Zaragoza;Longares
50017679;PABLO LUNA;Zaragoza;Alhama de Aragón
50017680;RAMÓN Y CAJAL;Zaragoza;Pina de Ebro
50017710;MONTECANAL;Zaragoza;Zaragoza
50017862;AGUSTINA DE ARAGÓN;Zaragoza;Zaragoza
50017874;EL ESPARTIDERO;Zaragoza;Zaragoza
50017886;LA AZUCARERA;Zaragoza;Zaragoza
50017898;REINO DE ARAGÓN;Zaragoza;Puebla de Alfindén (La)
50017904;GALO PONTE;Zaragoza;San Mateo de Gállego
50017916;SAN ROQUE;Zaragoza;María de Huerva
50018121;OCTAVUS;Zaragoza;Utebo
50018131;JEAN PIAGET;Zaragoza;Zaragoza
50018143;LUCIEN BRIET;Zaragoza;Zaragoza
50018246;VALDESPARTERA;Zaragoza;Zaragoza
50018258;MARIE CURIE;Zaragoza;Zaragoza
50018261;RÍO SENA;Zaragoza;Zaragoza
50018271;ROSALES DEL CANAL;Zaragoza;Zaragoza
50018283;FORO ROMANO;Zaragoza;Cuarte de Huerva
50018416;CLARA CAMPOAMOR ROGRÍGUEZ;Zaragoza;Zaragoza
50018428;TORRE DE LOS ESPEJOS;Zaragoza;Utebo
50018817;CATALINA DE ARAGÓN;Zaragoza;Zaragoza
50018829;CORONA DE ARAGÓN;Zaragoza;Zaragoza
50018830;VADORREY-LES ALLÉES;Zaragoza;Zaragoza
50018842;DE LA PUEBLA DE ALFINDÉN;Zaragoza;Puebla de Alfindén (La)
50019019;JULIO VERNE;Zaragoza;Zaragoza
50019020;VALDESPARTERA;Zaragoza;Zaragoza
50019081;SAN JORGE;Zaragoza;Zaragoza
50019101;VILLANUEVA DE GÁLLEGO;Zaragoza;Villanueva de Gállego
50019147;FUNDACIÓN LABORAL DE LA CONSTRUCCIÓN;Zaragoza;Villanueva de Gállego
50019251;VAL DE LA ATALAYA;Zaragoza;María de Huerva
50019287;ZARAGOZA SUR;Zaragoza;Zaragoza
50019299;PILAR BAYONA;Zaragoza;Cuarte de Huerva
50019317;FLORIÁN REY;Zaragoza;Almunia de Doña Godina (La)
50019354;DE LA MUELA;Zaragoza;Muela (La)
50019378;INTERNACIONAL ÁNFORA;Zaragoza;Cuarte de Huerva
50019408;SEGEDA;Zaragoza;Calatayud
50019500;EL PICARRAL;Zaragoza;Zaragoza
50019548;ARCOSUR;Zaragoza;Zaragoza
50019551;VALDESPARTERA III;Zaragoza;Zaragoza
50019597;PARQUE VENECIA;Zaragoza;Zaragoza
50019615;SOLEDAD PUÉRTOLAS;Zaragoza;Zaragoza
50019676;MARTINA BESCÓS;Zaragoza;Cuarte de Huerva
50019731;FIGUERUELAS;Zaragoza;Figueruelas
50019792;MARÍA ZAMBRANO;Zaragoza;Zaragoza
